<!DOCTYPE struts PUBLIC
"-//Apache Software Foundation//DTD Struts Configuration 2.0//EN"
"http://struts.apache.org/dtds/struts-2.0.dtd">

<struts>
    <package name="default" extends="struts-default">

	<action name="login" class="Session" method ="login">
        <result name="LIB">libPage.jsp</result>
		<result name="MEM">/memPage.jsp</result>
	    <result name="FAIL">/fail.jsp</result>
   </action>
   
   <action name="addBook" class="Session" method ="addBook">
        <result name="SUCCESS">/bookAdded.jsp</result>
	    <result name="FAIL">/fail.jsp</result>
   </action>
		
	<action name="searchBook" class="Session" method ="searchBook">
        <result name="SUCCESS">/bookFound.jsp</result>
	    <result name="FAIL">/fail.jsp</result>
   </action>
		
    </package>
</struts>
